text,url,lang
"Happy #InternationalWomensDay to the women that have most inspired me and many, many others in animeâœ¨ğŸ’™ https://t.co/2JyxRbTspP",https://twitter.com/OtachanShow/status/1237126079321686018,native
"If:
Breaking the Australian record for attendance of a womenâ€™s sporting event
billiejeanking ğŸ¾ 
Sexy ğŸ bats
and
ğŸ¤°ğŸ¼
...donâ€™t say #InternationalWomensDay, I donâ€™t know what does ğŸ’— Thanks to all the incredible peopleâ€¦ https://t.co/3uPQHMbDUj",https://twitter.com/katyperry/status/1237277631046877184,native
Proud to have worked with such amazing and talented women!! Happy #InternationalWomensDay ! https://t.co/Jjg2PmAtEi,https://twitter.com/steveaoki/status/1236962441352728577,native
"Late post, but happy #InternationalWomensDay shoutout to the women who get shit done ğŸ¤ŸğŸ¼ https://t.co/qzuNl8DYN7",https://twitter.com/axgrace_/status/1237276668932177920,native
"A bit late but Happy International Womenâ€™s Day to my mom Emilia Clarke 

#InternationalWomensDay https://t.co/W2mWeyg6tw",https://twitter.com/teddycIarke/status/1237002174439116801,native
"New podcast up! On #Internationalwomensday I had a great conversation with @KortneyOlson -- an entrepreneur, bodybuilder, athlete, and CEO of GRRRL  -- about breaking through stereotypes, leading with aloha, criminal justice reform and more!  https://t.co/uuqVMOC5Fn https://t.co/ZOwgUtsBwS",https://twitter.com/TulsiGabbard/status/1237131935874506753,native
"Fantastic #InternationalWomensDay reception tonight.

Thank you to all the inspiring women who came to talk about their experiences and the work they're doing to empower women across our country and around the world. https://t.co/xCRa7Ft6Nh",https://twitter.com/jeremycorbyn/status/1237133802486579200,native
"â€œeach time a woman stands up for herself, without knowing it, possibly without claiming it, she stands up for all womenâ€
â€” a little video i put together in honour of #InternationalWomensDay yesterdayğŸ–¤
#duchessofsussex #meghanmarkle 
https://t.co/MyytsHYLKx https://t.co/A9xz2V5ApF",https://twitter.com/chxrleywebbfan/status/1237144720960348164,native
"I love this.

â€œHow dare you assume I have no ability to think or see beyond my gender.â€ â€” @TulsiGabbard 

#Tulsi2020 #TulsiMediaBlackout #LetTulsiDebate #InternationalWomensDay #IWD #IWD2020 #InternationalWomenDay2020 https://t.co/9Pefo2h5lJ",https://twitter.com/DavidAtkins42/status/1237196849691463681,native
"Hey #MeToo activists, where the fuck are you all?! 

I guess #InternationalWomensDay has tired them all out, bless their virtuous, giddy little souls. https://t.co/11Lyll4TtY",https://twitter.com/godblesstoto/status/1236970916178952192,native
i live the dream everyday ğŸ’™ğŸ’œ#InternationalWomensDay https://t.co/9tq0iVkCb3,https://twitter.com/burke_savanna/status/1237170060696961025,native
"Unsurprising to see so many universities celebrating #InternationalWomensDay while also maintaining their gender pay gaps AND not taking sexual harrassment seriously. 

Don't just pretend to be committed to equality: fucking do something about it. #EveryWoman",https://twitter.com/UWankings/status/1236956208399032321,native
Brainstorming session of @ForumSaath London Chapter on #InternationalWomensDay https://t.co/6EPPdswB7A,https://twitter.com/mazdaki/status/1236990657497124864,native
Can you imagine getting to go to work with people who love you and lift you up every single day? There is nothing quite like it and Iâ€™m feeling so blessed ğŸ’•ğŸ’•ğŸ’• So fitting to celebrate a new beginning with wonderful women on #InternationalWomensDay yesterday. https://t.co/gmEA04JzZG,https://twitter.com/MsKellySEAS/status/1237005376702251009,native
Happy #InternationalWomensDay to all the women out there getting it done. #YouandIAsMothers #WorkingMothers #MilkPrep https://t.co/mDZkFfG1GO,https://twitter.com/LauraPrepon/status/1237028507164839936,native
"we girls can do anything, right, barbie?

to celebrate #InternationalWomensDay and #HappyBirthdayBarbie, i drew four barbie characters that have inspired me to the the woman that i am today â€” strong, fearless, and obsessed with pink! ğŸ¥°

#art #artph #barbie #WomensHistoryMonth https://t.co/UEeqvZdRTE",https://twitter.com/summersnoqueen/status/1237245834028175360,native
"These PVAMU ladies has been joy to be around and they truly are the future. Happy International Women's Day to these queens.

#InternationalWomensDay #InternationalWomenDay #PVAMU https://t.co/XdDkR6SzwH",https://twitter.com/BrotherBrown719/status/1237150466640883712,native
Yesterday reminded me of my first #internationalwomensday March back in 2016 and my inspirational artwork ğŸ§¡ https://t.co/QvOv7GObEP,https://twitter.com/nicolacoughlan/status/1237157401721274368,native
"Honoured to speak at yesterdayâ€™s â€˜Women of Wildlifeâ€™ event @AustraliaZoo on #InternationalWomensDay! Weâ€™re proud that our amazing zoo team is 70% female - I hope that together we can celebrate diversity, accomodate equality &amp; show kindness to everyone we share the world with. https://t.co/VE4s1Ydy48",https://twitter.com/RobertIrwin/status/1236981676581908481,native
"Celebrating #InternationalWomensDay together in style! âš½ï¸
 
@CamdenBrewery created an all-female foosball table for #IWD2020 yesterday - and the first game just had to be an all-Arsenal special! ğŸ˜ https://t.co/yVTnLUuDyW",https://twitter.com/Arsenal/status/1237001130263171077,native
For #InternationalWomensDay we'd like to shine a light on just some of the many incredible women at Stanford Radiology who inspire us. https://t.co/OMycAt2KRX,https://twitter.com/StanfordRad/status/1237133389255176192,native
"And the LA Marathon 2020, all 26.2 miles are done âœ…. With very limited training time but a heart &amp; mind set on a goal, I improved my run time more than I had set out to ğŸ™ŒğŸ¼ AND I conquered this challenge on #InternationalWomensDay !#LAMarathon https://t.co/4DpyanOT4J",https://twitter.com/caguilarmunoz/status/1237137213135052800,native
late but #InternationalWomensDay ğŸ–¤ https://t.co/26pTkE7aBg,https://twitter.com/Beachh_baaabe/status/1237218406190981120,native
"In honor of #InternationalWomensDay and Womenâ€™s History Month, we hosted a team painting event with SoCal artist Wendy Stillman. THANK YOU to all the amazing Treyarch ladies making it happen every single day! #IWD2020 https://t.co/TgaJEbRz5u",https://twitter.com/Treyarch/status/1237162469597929472,native
In solidarity with women across the Americas! #ElVioladorEresTu #NiUnaMenos #8M2020 #InternationalWomensDay #DiaInternacionalDeLaMujer #DiaInternacionalDaMulher https://t.co/XohXATptqi,https://twitter.com/monicacgimenes/status/1237101256453140482,native
"Guys. Just because we've celebrated #InternationalWomensDay doesn't mean men are being valued any less or that there are issues men face that aren't as valid. Please be a bit more sophisticated in your thinking - the ""not all men etc etc"" argument is redundant &amp; self-defeating.ğŸ™„",https://twitter.com/JoeMoeonoKolio/status/1237085306068832269,native
We're proud to have so many amazing and talented women on our teams around the globe! #InternationalWomensDay  #IWD2020 https://t.co/oHt3KfV0Cm,https://twitter.com/CloudImperium/status/1237078390055653377,native
"ğŸ’› SAFE GIGS FOR WOMXN ğŸ’›

We're celebrating #InternationalWomensDay all week + we're extremely proud to be partnered with @safegigs4women ğŸ¤˜

Everyone has the right to enjoy live music without being harassed + we're pleased to welcome the SGFW Volunteers with us next month ğŸ‘ğŸ‘ https://t.co/7vUUueXJih",https://twitter.com/AYLFest/status/1237312347863240704,native
"Missing my mom today. 

Started career as a secretary after never attending college. 

Raised me and my brother with no money, but we never knew it. 

Taught herself computers in the 80â€™s and retired as a CIO of a major law firm in 2012.

Role model. 

#InternationalWomensDay",https://twitter.com/craigdaniel/status/1237079790454280192,native
Coming clean #InternationalWomensDay https://t.co/OMFtOXD3yq,https://twitter.com/Cutie_McBooty/status/1237133488073080833,native
"The women of the #MoLeg are leading the House as we commemorate #InternationalWomensDay and the 100th anniversary of the 19th Amendment. I am proud to live in a country where my daughter can vote, run for office, and sit at a desk that someday may be hers. https://t.co/97M25khH4O",https://twitter.com/elijahhaahr/status/1237132975394787328,native
"In celebration of International Womenâ€™s day, the men in the branch presented purple tulips to the women of our team.  Some of those involved are pictured here! #InternationalWomensDay https://t.co/SxNh9ui4ZF",https://twitter.com/rick_laroque/status/1237107960813404161,native
We'd like to extend a huge thank you to everyone that contributed to and interacted with our International Women's Day campaign last week - the feedback has been phenomenal â¤ï¸ #EachForEqual #InternationalWomensDay https://t.co/gCm9AfDkbt,https://twitter.com/openmediauk/status/1237340295911616514,native
Halle Berry via IG Stories (march 8th) â¤ï¸ #InternationalWomensDay https://t.co/yj67Eg7kaD,https://twitter.com/statsofminaj/status/1237078419218862084,native
"My mom raised her 3 siblings (and mine), tended to her mom/dad who were sick, put herself through school, worked at IBM, told my dad no for 3 years, and is the heart of our family. More social + giving than anyone (will bake your friends kid cookies). Tag!#InternationalWomensDay https://t.co/DU4ecEYnoI",https://twitter.com/EmilyLiebtag/status/1237003868581625858,native
"In honor of #InternationalWomensDay yesterday, we want to brag about our 21,324 women who represented at the 2019 Bank of America #ChicagoMarathon. Females: keep on inspiring. https://t.co/Z2vTWYOUj3",https://twitter.com/ChiMarathon/status/1237031821356994561,native
"Melania was radiating on #InternationalWomensDay and her message, unlike the feminists, was one of positivity not ""man-bashing"" 

https://t.co/49UxA6jA6e",https://twitter.com/WayneDupreeShow/status/1237261354567958529,native
"emilyslist: RT HispanicCaucus: Happy #InternationalWomensDay to every woman who has spoken truth to power, who has taken the lead in her community, and who has stood up for what is right.

And to our HispanicCaucus Latinas - keep breaking barriers and maâ€¦ https://t.co/NPVq0LqvI0",https://twitter.com/PublicAccessPod/status/1237276895965777920,native
"No, we arenâ€™t choreographing a dance in the back of the branch... I promiseğŸ‘€ yesterday was #InternationalWomensDay and this is the signal for equality - women empower women. Keep doing what youâ€™re doing, youâ€™re all amazing ğŸ’•ğŸ¥ºğŸ‘©ğŸ»â€ğŸ¤â€ğŸ‘©ğŸ¼ https://t.co/lUdM8dWVsL",https://twitter.com/SarahU4F2/status/1237034174005022721,native
Was finally able to pick up my #InternationalWomensDay pin this morning! #StarWars #WomensDay #Rey #TheRiseOfSkywalker https://t.co/y72JG0s37B,https://twitter.com/PhilSzostak/status/1237189808885100544,native
"HAPPY #InternationalWomensDay to my hero. Through it all, weâ€™ve remained together. Thatâ€™s love. â¤ï¸ #JulieStrong https://t.co/CoFd4o7tAR",https://twitter.com/TheAndresBlog/status/1237181304787083265,native
"So proud of this girl! She passed her WFX-Fit test on her way to fight some Forrest fires this summer. Proud to say she is my daughter. Some say â€œsmallâ€. I say, â€œTough as nails and determinedâ€. #ActuallyICan #InternationalWomensDay https://t.co/7Uvk1lcPXR",https://twitter.com/hoey1822/status/1237007648995901441,native
Happy International womenâ€™s Day/Month â¤ï¸â¤ï¸â¤ï¸ Love to all my Queens ğŸ‘‘â—ï¸â£ï¸ #InternationalWomensDay #InternationalWomenDay2020 #WomensDay #justinavalentine https://t.co/9P5RXb8I8g,https://twitter.com/JustinaMusic/status/1237143656756363264,native
Happy #InternationalWomensDay https://t.co/XsmE3TFSei,https://twitter.com/laurawoermke/status/1237086646782304256,native
"#COMPETITION Itâ€™s #InternationalWomensDay and we're giving you the chance to #win the best beauty bundle worth over Â£400! Featuring the brands we love, founded by incredible women. RT + Follow @cohorted and tell us your favourite female-founded beauty brandsğŸ‘‘ *ENDS 15/03/2020* https://t.co/96z4gmWhzI",https://twitter.com/cohorted/status/1236970082754060288,native
A lovely and thoughtful gift from a colleague today to celebrate #InternationalWomensDay https://t.co/rryH0wo5Qm,https://twitter.com/hclaringbull/status/1237083511737155586,native
"A belated #InternationalWomensDayÂ celebratory post to every follower I have, wherher you are female or a a man on our side! ğŸ’ğŸ»â€â™€ï¸ https://t.co/eVndX6qdmh",https://twitter.com/CatrinPugh/status/1237094258169057284,native
GM KINGS KNOW YOUR WORTH ON 512 n GBK #InternationalWomensDay https://t.co/CsOSdihlCm,https://twitter.com/alwayswalkaway/status/1236999344936665089,native
"I don't know what prompted me to include her in my #InternationalWomensDay tweet yesterday, it just felt right. This morning she left us, dad is devastated but strong, us 3 kids are a bit lost right now. But dad was with her at the end. Maureen Doane 19/5/46-9/3/20 xx https://t.co/aQqgcPytQX",https://twitter.com/BrotherShaunEPB/status/1237050528577789959,native
One of my favorite pictures with my momma. Happy #InternationalWomensDay https://t.co/Z3ZdQv9YCd,https://twitter.com/BaiteyG/status/1236954883065917441,native
"Yesterday, we missed #InternationalWomensDay - but, would you guys be up for *this* movie someday? ğŸ¤” https://t.co/7Q6IIR95oO",https://twitter.com/FinestGeeks/status/1237043209341145088,native
"I may be late..

But I have this to add for #InternationalWomensDay 

Never.. Ever.. Underestimate the power of a woman! https://t.co/xVwEhj3km3",https://twitter.com/FabuleuxFans/status/1237147900435730432,native
"Here's celebrating the brilliant engineers, project managers, cost managers, ecologists, archaeologists, quantity surveyors, safety advisors, programme managers, communications officers, architects and designers that work on the #BostonBarrier! #InternationalWomensDay https://t.co/FRdP9ohi36",https://twitter.com/BostonBarrierEA/status/1236987982026018817,native
We celebrated the #InternationalWomensDay at the movies. How did you celebrate? ğŸ¤© https://t.co/wGMDtx2JgZ,https://twitter.com/rssplltd/status/1237313131686187008,indian
"Yesterday was International Womenâ€™s Day. Sorry, we were late to the party. Hereâ€™s to the awesome women at the Corinth Police Department. 
#InternationalWomensDay ğŸ‘®ğŸ»â€â™€ï¸ https://t.co/8FOFXdXQ7L",https://twitter.com/Corinth_Police/status/1236986612321603585,native
I did the damn thing and Iâ€™m about to do the damn thing again even though it hurt the first time ğŸ’ªğŸ¼ #InternationalWomensDay lmao ğŸ¤°ğŸ¼ğŸ˜„ https://t.co/R108L3wOkn,https://twitter.com/arielmatney/status/1237087871959314432,native
treated myself to the spa yesterday âœ¨â¤ï¸âœ¨âœ¨ #InternationalWomensDay https://t.co/VpQWxEX922,https://twitter.com/ashattracts_/status/1237024653434068993,native
"Nat are one of the most marginalized communities of north India who train young girls to work as tightrope walkers for a living.This is unfortunately still a common site in most north Indian citiesThe 1st picture was clicked in Jodhpur &amp; the 2nd in Punjab
#InternationalWomensDay https://t.co/Z63wuq8gAd",https://twitter.com/KPSinghtweets/status/1237018307577835520,indian
ğŸ¶ following on from #InternationalWomensDay hereâ€™s a selection from my mainly #punk #vinyl collection. See anyone you know? ;) https://t.co/6Ax277dpMf,https://twitter.com/wisetuna/status/1237076006348959744,native
we had a #InternationalWomensDay picnic yesterday(but we let one boy come bc heâ€™s rlly cute) https://t.co/Jm2OZZ56P5,https://twitter.com/yasdnilnnif/status/1237071708814794752,native
yesterday I reposted this on my ig story for #InternationalWomensDay and my (very supportive) brothers took their support in wildly different directions https://t.co/ivIaXGLvBD,https://twitter.com/elizawich/status/1237134679310053377,native
"For #InternationalWomensDay â€”I was gonna talk about myself but instead Iâ€™m going to tell you about some people who consistently inspire and motivate me to be a better creator and seller:)
(a thread)",https://twitter.com/kannchy/status/1237168834039119872,native
When the company you work for posts about #InternationalWomensDay but YOU know they only offer employees 10 days of maternity leave https://t.co/0Q4BWt8cI4,https://twitter.com/lydiahejka/status/1237079937187811330,native
All of the sights and sounds from yesterday's #InternationalWomensDay game! https://t.co/xWbOX9UDJD,https://twitter.com/NHLFlames/status/1237136076734693376,native
"This afternoon, the grade 8s engaged in a discussion about the magic of perseverance. We read the short story about J K Rowling and how she overcame adversities to achieve success. #InternationalWomensDay https://t.co/hjphQycS9o",https://twitter.com/missvnestico/status/1237152424550371332,native
#InternationalWomensDay @ucuatdurham today - all our strike issues are feminist issues #UCUstrikesback https://t.co/C7trfwdYFn,https://twitter.com/KarenJonesTU/status/1236989723182317568,native
"We celebrated #InternationalWomensDay in our fanzone and inside Molineux on Saturday, as @WolvesWomen went 12 points clear at the top of the table!

ğŸºğŸ“ˆ https://t.co/L4bJqxxh85",https://twitter.com/Wolves/status/1237007328676896768,native
"Here is a sketch of mine. Probably a lil late for #InternationalWomensDay 
#sketch #mangaart #ComicArt https://t.co/Qeq18mq27k",https://twitter.com/Image170/status/1237032700894158848,native
"In the spirit of #InternationalWomensDay yesterday, let's hear it for our wonderful women at GCC! Thank you for all that you do. https://t.co/SDN14eNkU0",https://twitter.com/GCC_latest/status/1236961769433772032,native
"Happy #InternationalWomensDay 
Thank you to every single woman that has walked through our doors- whether as a student, teacher, FT/PT staff, cleaner, intern, speaker, or interviewee- for your time, organisation, strategy, fight, support &amp; belief. 
We don't do this alone! https://t.co/7iFfOK8vpI",https://twitter.com/23codestreet/status/1236969239149514752,native
"I must be a terrible woman because I missed tweeting about #InternationalWomensDay ğŸ˜µ But anyways, hereâ€™s a pic to celebrate women everywhere. I hope all of you keep kicking ass! ğŸ‘Š https://t.co/y8OoAjtQr5",https://twitter.com/ABabeFullOfLust/status/1237025895933714439,native
"We're celebrating #InternationalWomensDay with women of all backgrounds and cultures! As developers, we hope to one day see our games played by women all over the world. https://t.co/98BMLvH3Iv",https://twitter.com/prblyMONSTERS/status/1237060582383194112,native
Want to talk about women in agriculture? Love to. #myroots #InternationalWomensDay ğŸŒ± https://t.co/Fy4QIyduts,https://twitter.com/FawnJackson1/status/1237230733095247872,native
"The woman/the art
#InternationalWomensDay https://t.co/FLYeGWZlT8",https://twitter.com/MandyJacek/status/1237001003137929216,native
International Womenâ€™s Day is little different this year celebrating it with my little woman and being a Mammy. So much love ğŸ’“ #InternationalWomensDay https://t.co/zAlDpQPyvj,https://twitter.com/Stacey4Cannon/status/1237012322675306498,native
For #InternationalWomensDay we'd like to shine a light on just some of the many incredible women at Stanford Radiation Oncology who inspire us. https://t.co/v7NLXurEr5,https://twitter.com/StanfordRadOnc/status/1237098711680815104,native
Found my mini-me today #girlpower #InternationalWomensDay https://t.co/UJQ0Lf53qr,https://twitter.com/marielmxm/status/1237067199812075526,native
"If u know me u know im always late, but also if u know me u know i gotta do something for #InternationalWomensDay âœ¨ some gals i grew up with can u guess em all? https://t.co/MotgYZnYmL",https://twitter.com/KimEstoesta/status/1237264234611757056,native
Look at my cute ass niece and her bestie #InternationalWomensDay https://t.co/9yajBYIyGG,https://twitter.com/AndiLikeTheBoy/status/1237141200051863561,native
"Born in China, raised in America, loved everywhere she goes. #InternationalWomensDay https://t.co/S4FnMMOOfq",https://twitter.com/jseubanks/status/1237089550201167879,native
"In further Wanderer Women news - Sally (laughing &amp; eating an apple #multitasking) says ""Growing up, I remember spending countless hours in different worlds and within detailed stories. Now I wish to create that joy and bestow it upon the next generation."" #InternationalWomensDay https://t.co/cazClzZmVM",https://twitter.com/wanderervr/status/1236947832281501696,native
"Here at Crawley College, we believe in gender equality, and celebrate women's achievement!ğŸ‰ #InternationalWomensDay https://t.co/hHUJUFP17X",https://twitter.com/CrawleyCollege/status/1237000718906769410,native
"Thousands of women across Latin America took to the streets a day after #InternationalWomensDay to protest against femicide, gender violence and discrimination: https://t.co/s5p3WKA9rM https://t.co/qq7pekKfN6",https://twitter.com/dwnews/status/1237270353640132608,german
Yesterday was #InternationalWomensDay. No need to get too fancy about it &amp; donâ€™t worry if you missed it. Just give a big hug to those amazing women who make your life better. I am humbled to have a mother &amp; daughter that make me a better human. ğŸ’— https://t.co/Mlb1SMFEdG,https://twitter.com/MonicaCouryAZ/status/1237030364943532032,native
Hey sorry for not tweeting yesterday but I celebrated #InternationalWomensDay with a new rugby team! Sign your daughters up for sports! https://t.co/VWd5frDjXE,https://twitter.com/mcinerney_mg/status/1237074681150296068,native
"Coming off the heels of #InternationalWomensDay, I had quite the experience this morning...

I was approached by someone (spoiler: an old, white man) in the gym while wearing this shirt. He apparently had some feelings about it. Hereâ€™s how that convo went...

(a thread) https://t.co/bYmdyC6Tqy",https://twitter.com/lisahandback/status/1237007872162217984,native
Happy #InternationalWomensDay to all the bad ass women out there ğŸ¤™ğŸ¼ğŸ¤™ğŸ¼ https://t.co/4CP7RSNlXr,https://twitter.com/keilahTequilaaa/status/1237081902353244160,native
"Man, this took some hours out of my day...
Anyway, yesterday was #InternationalWomensDay, and I wanted to do a new pic for it, so I did a big ol' group shot of pretty much all the major female characters of X&amp;A. I know it's a day late, but I hope it's still all good. https://t.co/RG8SnEnQvd",https://twitter.com/ArrowDSparr0/status/1237220452365414400,native
"Even though yesterday was #InternationalWomensDay, I think it's important to celebrate the achievements and capabilities of women every day ğŸ’ª https://t.co/TDZMJKfYpO",https://twitter.com/MissWardRMPS/status/1237121016696111104,native
These cookies were an amazing gift from a student at the end of my day. #Chingona! Iâ€™ll take it! #InternationalWomensDay https://t.co/4iszZ3wLcK,https://twitter.com/SrtaPrendergast/status/1237137861687869446,native
Celebrating #InternationalWomensDay! ğŸ‘­ https://t.co/uc7kbYMYcw,https://twitter.com/StandardGolf/status/1237154019157606411,native
Rocking my Windsorâ€™s Future is Female shirt today because #InternationalWomensDay deserves the other 364 days a year too ğŸ‘ğŸ» https://t.co/8lVIxQ8sQz,https://twitter.com/erindufour2/status/1237040849344761856,native
"My post didnâ€™t load yesterday for #InternationalWomensDay...SO...

DOB, Nicky, CC, Christine, SLewis, Goggs, Soph and of course HRot. Thanks for just being super swell. You rock. Even though you rip me to shreds whenever you can. https://t.co/NVWsC0OddK",https://twitter.com/harryblumenau/status/1236980295603232769,native
To all the strong ladies out there! #InternationalWomensDay https://t.co/AMvqLzxSep,https://twitter.com/Anisings1/status/1237117079175790592,native
"Last Friday marking #InternationalWomensDay with President Michael D, his wife Sabina, BrÃ³d &amp; all the fantastic women's organisations was very special, it put me in such a great mood. ğŸ’•ğŸ’•

ğŸ“¸ Maxwell Photography https://t.co/lKbgsru2To",https://twitter.com/LouiseTighe/status/1237180424616640512,native
"Neeta Singhal headed a powerful Chakra workshop on How To Be Happy at Rashtriya Chemicals &amp; Fertilizers wherein she talked about 7 Chakra analysis, how to attune to the laws of life, how to effectively manage stress &amp; how life works though those 7 chakras.
#InternationalWomensDay https://t.co/qdCtS56mW4",https://twitter.com/Singhal_Neeta/status/1236972305781100544,indian
I started each of my lessons today where we went round the room and thanked a woman in our lives. Then I went into a frenzy of loving women and said I was grateful for myself because Iâ€™m so bad ass. I regret nothing. #InternationalWomensDay,https://twitter.com/Shabnamagram/status/1237117792933085185,native
Celebrating #InternationalWomensDay with these gorgeous strong women! https://t.co/w3RDRek4vj,https://twitter.com/TheMarissaRosen/status/1237013821681807360,native
Just after #InternationalWomensDay and this queen stands up for herself against Peters Mom. We stan. Love her. #TheBachelor #Maddison https://t.co/NwdmQ9DsTa,https://twitter.com/JesseJo19/status/1237212642118434818,native
extremely sorry for the late #InternationalWomensDay post... took me too long to find the right pose! https://t.co/DmcEQXcSRv,https://twitter.com/the_cubber/status/1237042027210190850,native
"I come from a long line of farmers on both sides of my family but the Jones men dominated the story a bit. I know my mother (Avril), grandmothers, great grandmothers &amp; great great grandmothers worked just as hard. Here are some of their faces #InternationalWomensDay https://t.co/Sv9kRHKGOu",https://twitter.com/Jonesthejourno/status/1236994586456788992,native
On the heels of #InternationalWomensDay https://t.co/gIUJ8cp2Ly,https://twitter.com/KimBeal8/status/1237183536135909377,native
"The definition of a party pooper.
Happy belated #InternationalWomensDay everybody! https://t.co/WaBo2BLYX5",https://twitter.com/ayytrae/status/1237200914382897155,native
Late shoutout  for #InternationalWomensDay to all my badass friends that do any sort of sex work. You bravely expose yourselves to the world in ways most people are unwilling to. The things you deal with on the daily are things 99% of us will never face and couldnâ€™t if we did. https://t.co/pOtKuhv6yW,https://twitter.com/burkemade/status/1237093853431123968,native
For #internationalwomensdayÂ here is a photo of my six generation direct line of strong women https://t.co/gUjRhyZkRX,https://twitter.com/LorineMS/status/1236939846880550913,native
"Shout out to all the ladies out there doing their dang thing! Sending you love &amp; support yesterday, today, always. And to the incredible men who stand beside us as teammates, friends, colleagues...thank you for your partnership &amp; collaboration to be GREAT! #InternationalWomensDay https://t.co/lpk6PnKDXs",https://twitter.com/LisaKerney/status/1237174576561426432,native
"Maybe late but... â­ï¸
The woman              The art  #InternationalWomensDay https://t.co/sxjLRA5qoZ",https://twitter.com/Hikcup_/status/1237036311598546946,native
I meant to post this yesterday for #InternationalWomensDay Better late than never. Me and my girls ğŸ˜Š https://t.co/h13XeA3Zo5,https://twitter.com/GothicBlue/status/1237134602151608323,native
Because sheâ€™s MY Queen! #proudhusband #blessedbeyondmeasure #InternationalWomensDay https://t.co/KTnPA26byt,https://twitter.com/Mr__Portis/status/1237012876436668418,native
So proud of my daughter ğŸ˜„ğŸ‘ğŸ¼â¤ï¸ #InternationalWomensDay https://t.co/9TmV7AKQB4,https://twitter.com/Lucas31021/status/1236994677368164352,native
"I put together a little stand for #InternationalWomensDay at work, for the second year in a row. ğŸ¥³ https://t.co/3D0sMkdu7B",https://twitter.com/acciovictoria/status/1236985905153523712,native
Post four female fictional characters that mean the world to you #InternationalWomensDay https://t.co/xagNTMd9h3,https://twitter.com/CerisiaCosplay/status/1236982336333504517,german
"Know Them, Be Them, Raise Them. #InternationalWomensDay https://t.co/lpV04B6H7s",https://twitter.com/samro27/status/1236994643545513986,native
Rabbit in the moon :) #latteart #InternationalWomensDay https://t.co/xtwP2JfPwR,https://twitter.com/ginchi_0/status/1236974964391239680,japanese
Yesterday was International Womenâ€™s Day! Huge shoutout to all of the superwomen out there. ğŸ’ªğŸ¼ #dehlinger #dehlingerconstruction #internationalwomensday https://t.co/BKZonuaZni,https://twitter.com/MyDehlinger/status/1236965136251961344,native
Looks like it's still #InternationalWomensDay on Pornhub.,https://twitter.com/AliceFromQueens/status/1236954953954004992,native
"Behind every successful woman is HERSELF!  ğŸ‘¸ğŸ’ªâ¤

#Interdenominational https://t.co/NLWfNRR8So",https://twitter.com/EraperAdi/status/1236949572678832128,native
"A man openly harassing women ğŸšº participating in #InternationalWomensDay  march in Pakistan ğŸ‡µğŸ‡°.
Where are the authorities?
Where are the self proclaimed women rights NGOs?

 https://t.co/RjgGxxxmcm",https://twitter.com/anasinqilabi/status/1236940518359261185,turkish
"Happy #InternationalWomensDay #iwd2020
Letâ€™s celebrate women all over the world ğŸŒŸğŸŒ #LiveYourPower https://t.co/BROJhq116S",https://twitter.com/virginiedarbon/status/1236922958242865152,french
"There is not one single right afforded to men in America that is denied to women, except the lovely privilege of being drafted and killed in war based solely on oneâ€™s sex. #InternationalWomensDay https://t.co/DKdNyT28vg",https://twitter.com/RealJamesWoods/status/1236903285707001857,native
"Why is this type of ""justice"" not made a big issue world wide?
#InternationalWomensDay https://t.co/phhPZpengJ",https://twitter.com/mariawirth1/status/1236890923453149186,german
Start doing nails 2months ago and wanted to share my progress ğŸ’…ğŸ¾ğŸ’‹ #InternationalWomensDay ms.amournails ğŸ¤ https://t.co/UqOMOmZ1al,https://twitter.com/thedoll2x/status/1236870798427729922,native
Taking care of women and fighting for our rights with other women #InternationalWomensDay https://t.co/gLiUjsRyZG,https://twitter.com/KPobgyndoc/status/1236866310522322950,native
I got super emotional today because we discussed #InternationalWomensDay at work and I brought up my little sister and immediately burst into tears. I am so incredibly proud of this lady and I miss her so much. Sheâ€™s out kicking butt in LA and my biggest inspiration. â¤ï¸ https://t.co/hfsoE6yH9G,https://twitter.com/DanniDPS/status/1236863270969135104,native
May we raise them #InternationalWomensDay https://t.co/sreabrPOUY,https://twitter.com/ToriTyson/status/1236862273970491394,native
â€œTeach your daughters to worry less about fitting into glass slippers and more about shattering glass ceilingsâ€ #InternationalWomensDay https://t.co/ckdJznTzEu,https://twitter.com/cmcpher/status/1236852684419989504,native
"I dream of a day when we wonâ€™t need to have an #InternationalWomensDay A day where we are paid &amp; treated equally, a day when we can make our own decisions about our bodies.",https://twitter.com/MissMargoPrice/status/1236850433987170306,native
#InternationalWomensDay had to jump on this todayâœ¨ https://t.co/Mih6FwU2sX,https://twitter.com/xoragan/status/1236847994013659139,native
"Gun rights are womenâ€™s rights ğŸ‡ºğŸ‡¸#internationalwomensday 
@VolquartsenGuns https://t.co/X75xKSv45E https://t.co/x6V53m0tof",https://twitter.com/KatiePavlich/status/1236836243750694913,native
"On this #InternationalWomensDay, I'm proud to support the last woman running for president, @TulsiGabbard. https://t.co/r9YO75NHAn",https://twitter.com/brianchall/status/1236828590429417472,native
played around w my phone today &amp; decided to be my own hype wo[man]. #InternationalWomensDay https://t.co/Tg5GQZ98Uu,https://twitter.com/kayylee7_/status/1236825777561370624,native
Happy #InternationalWomensDay to the fabulous leading ladies of Parks &amp; Rec. ğŸ¥° https://t.co/3TvR8lWwik,https://twitter.com/nocontextpawnee/status/1236824432552759297,native
"Holy shit.

This is how Chile celebrated #InternationalWomensDay 

A million women flooding the streets, demanding a more just society.

 https://t.co/G83JoSRD3c",https://twitter.com/JoshuaPotash/status/1236823058582835200,native
Teaching her to not to worry about fitting into glass slippers and more about shattering glass ceilings #InternationalWomensDay https://t.co/ftoYqFYscb,https://twitter.com/LisaMackey80/status/1236819480858128384,native
"This is how normalized misandry is, with over 100k likes to boot.

As a woman, I would have liked to have celebrated #InternationalWomensDay being positive about women and not feeding into division, but that's just me.

Also confirmed I'll never get verified ğŸ˜‚ https://t.co/VooVbBvakP",https://twitter.com/MelonieMac/status/1236817222598885377,native
#InternationalWomensDay â¤ï¸ a thread https://t.co/X73xGTeygf,https://twitter.com/Bosslogic/status/1236821910664577026,native
#InternationalWomensDay  to my body. ğŸ’¦ https://t.co/QuBpIcqqem,https://twitter.com/justbclt/status/1236821877605257216,native
"My friend just met my mom for the first time. She kept referring to Gary, who lives with her.

My mom asked if Gary was her husband.

My friend replied, â€œGary is my cat.â€

Happy #InternationalWomensDay to all the amazing women in my life. ğŸ’œ",https://twitter.com/EugeneLeeYang/status/1236808251259277312,native
Happy #InternationalWomensDay to all of my babes out there crushing every day every second! â¤ï¸ https://t.co/aZZRHQWrVX,https://twitter.com/thebonnierotten/status/1236805781032333312,native
Inspire the next generation. #InternationalWomensDay https://t.co/tvBEpihJoh,https://twitter.com/Lakers/status/1236800731065147395,native
Please donâ€™t hit my line busy getting mine âœ¨ğŸ’¸ ğŸ‘‘#internationalwomensday https://t.co/UccOO4YY7e,https://twitter.com/naati_montas/status/1236797406546665473,native
"Gotta give a shout out to my amazing wife on #InternationalWomensDay. Amazing mother to our 4 kids, no one else on this planet I'd rather take this journey with. Can't fathom the mess I'd be today without you. Love you baby! â¤ https://t.co/C8k89QQKXE",https://twitter.com/mgoldknopf/status/1236815852839866371,native
Happy #InternationalWomensDay https://t.co/QaKRCGujKf,https://twitter.com/xcourtneyxhaden/status/1236798201426042886,native
"My peeps-I wonâ€™t be tweeting much for awhile as my daughter was in a serious car crash. Sheâ€™s my entire world-Iâ€™m tweeting today on #InternationalWomensDay for her as she isnâ€™t perfect, but she has strength, compassion and wants women-young girls to excel. I love you. Aho! ğŸ’”â¤ï¸ğŸ‡¨ğŸ‡¦ https://t.co/cyeuqskP2f",https://twitter.com/SugarmanSharna/status/1236792915038318592,native
I want to wish a happy #InternationalWomensDay to all the men out there that decided to become women. Their courage gives us hope. https://t.co/mxQYMkBcyy,https://twitter.com/allidoisowen/status/1236792778107097089,native
New favourite gif (h/t @LouLouMason) #InternationalWomensDay https://t.co/ZV2AywC6WS,https://twitter.com/Scientits/status/1236788023204904965,native
Happy #InternationalWomensDay. â¤ï¸âœŠ https://t.co/OjqogtPNLl,https://twitter.com/billyeichner/status/1236787604344864769,native
"Celebrate women not only today, but every day. 

Happy #InternationalWomensDay. https://t.co/FWYLDwG4jB",https://twitter.com/RaysBaseball/status/1236785050064166913,native
"Girls. The lot of them.

#InternationalWomensDay https://t.co/BJUoUXMejc",https://twitter.com/blackratboi/status/1236782859278594048,native
all my bitches bad!#InternationalWomensDay https://t.co/fbG49zfJ3Y,https://twitter.com/_aubreyz/status/1236781784039329801,native
major love to all the ladies #InternationalWomensDay ğŸ§¡ https://t.co/EVgYcoSSQd,https://twitter.com/leaguefits/status/1236781693333315584,native
The strength of this beautiful black woman still carries me today. #InternationalWomensDay https://t.co/a7vKD37JmY,https://twitter.com/LennyKravitz/status/1236781384808751105,native
Happy #InternationalWomensDay to all the lovely ladies out there ğŸ¥°âœ¨ https://t.co/WeL6tVd6j8,https://twitter.com/AzhaMyna_xo/status/1236781069325742081,native
"Locas, everyday is ours #InternationalWomensDay https://t.co/tFsDBzwc2b",https://twitter.com/YesikaStarr/status/1236780155550330882,native
"This #InternationalWomensDay I celebrate the incredible women who made me who I am today, and recommit to fighting for equality for all. That's why I promise to be a champion for women in the Senate.",https://twitter.com/harrisonjaime/status/1236779733213491200,native
Happy #InternationalWomensDay https://t.co/DvdBxgPnES,https://twitter.com/portraitnoire/status/1236778227357622279,native
Iâ€™m so incredibly proud of these Chilean women for being so beautifully bold and showing how powerful women can be when they come together. â™€ï¸â™€ï¸ğŸ‡¨ğŸ‡±ğŸ‡¨ğŸ‡± #InternationalWomensDay #DiaInternacionalDeLaMujer https://t.co/vukttuVw5P,https://twitter.com/Fergie/status/1236776561572904961,native
This woman right here is one of the strongest most bad ass people I know. She is an inspiration to me and many others. Always putting others first before herself. She deserves every bit of love and support she gets. Iâ€™d be completely lost without her â¤ï¸ #InternationalWomensDay https://t.co/eUgpy6haTr,https://twitter.com/AnthonyUnderRev/status/1236772998486659074,native
"Thanks @JamesEFoster 
#InternationalWomensDay 

To all the women who bring it all over the world for themselves and the greater goodâ€”Thank you!!

And to Black women especiallyâ€”I ğŸ‘€you! #BlackGirlMagic https://t.co/jsL3oQZNAM",https://twitter.com/ninaturner/status/1236771820331847680,native
"On this #InternationalWomensDay how about stop hating women. Try it, just for a day!",https://twitter.com/meenaharris/status/1236770865460572161,native
Every day is womenâ€™s day ğŸ’—ğŸ’ª #InternationalWomensDay https://t.co/TKwFgZuzUi,https://twitter.com/hikarishimoda/status/1236772874754510848,japanese
Happy International Womenâ€™s Day .... my mum .... #InternationalWomensDay https://t.co/FagNSyoAhV,https://twitter.com/wats67/status/1236768366616027139,native
Happy #InternationalWomensDay https://t.co/VArjaQO3Bg,https://twitter.com/HailStateSpirit/status/1236763838445490178,native
Some of the amazing women of the MCU Sparkles #InternationalWomensDay @MarvelStudios https://t.co/yBPwrp6sGr,https://twitter.com/100soft/status/1236761764592680960,native
i heard itâ€™s #InternationalWomensDay ğŸ¥º https://t.co/mUywBwlf1b,https://twitter.com/HzZellner/status/1236761216682463237,native
As people are tweeting photographs of a strong woman to mark #InternationalWomensDay https://t.co/DcManZ6s2L,https://twitter.com/ajcdeane/status/1236759481423400963,native
"Gemini Mother, Cancer Daughter ğŸ’“
#InternationalWomensDay https://t.co/UJMB3M4bDw",https://twitter.com/onlyonetaelor/status/1236759349407645696,native
"Happy #InternationalWomensDayâ£â£

Dear Black women, â£
Keep shining.
Keep taking up space.
Keep knocking down barriers.
Keep disrupting.
Keep hustling.
Keep grinding.
No matter where you are in the world, that Black girl magic is potent.
We see you.  We appreciate you. â£â£ https://t.co/bnWlIw3ayj",https://twitter.com/FundBlackWomen/status/1236758856044351491,native
Spent the day drawing these gals for #InternationalWomensDay ğŸŒŸ https://t.co/LuE9QI9a8Z,https://twitter.com/sanciadraws/status/1236758830693875712,native
"Interior with Bibendum and Transat chairs, Villa E1027. Eileen Gray. 1929.
#InternationalWomensDay https://t.co/a2HU1AGkvs",https://twitter.com/78Derngate/status/1236754864321048576,native
"This #InternationalWomensDay, letâ€™s recognize the countless trailblazing women who have made a mark on our country and planet. 

Let us also recommit to the pursuit of equality, and to the sovereignty of women over their bodies and their futures.",https://twitter.com/JulianCastro/status/1236754350292250624,native
It's #InternationalWomensDay and the DNC is excluding the only woman in the Democratic Party from being on the debate stage. So much for the Democratic Party standing up for women's equality! - TULSI2020 #LetTulsiDebate,https://twitter.com/StandwithTulsi/status/1236752995074879497,native
Wow. Humbling! #InternationalWomensDay https://t.co/Zi1f0S2zJb,https://twitter.com/briebriejoy/status/1236752101130276865,native
That they do #InternationalWomensDay https://t.co/La78DfaQ6R,https://twitter.com/Snoopy/status/1236752054821011459,native
Everything I do to advocate for a more inclusive and equitable economy is for these two. #internationalwomensday https://t.co/XKjrvp9QtZ,https://twitter.com/Erikals7/status/1236747969082376193,native
"â€˜Whatâ€™s a pretty young lass like you doing working on a farm?â€™ 
I farm, because I love it, because Iâ€™m a passionate strong woman, and more girls should be encouraged to farm, because farming isnâ€™t just a mansâ€™ world ğŸ’ªğŸ¼ #InternationalWomensDay https://t.co/6NZHbFYyYo",https://twitter.com/EleanorDurdy94/status/1236747629599621121,native
Happy #InternationalWomensDay to my one and only arch nemesis Laurie! https://t.co/9Z5giXYWW4,https://twitter.com/RealMMyers78/status/1236746741506019329,native
"Since the beginning of our agency women have played a crucial role in forest management. Today, women scientists, foresters, firefighters, and other specialists help make our agency a global leader in conservation. #InternationalWomensDay https://t.co/JAC5PgJfF0",https://twitter.com/forestservice/status/1236746033956294663,native
Everything that we do we do from a place of confidence. We do it with the intention of inspiring and empowering other women. We are constantly &amp; compassionately working on self love and acceptance. #InternationalWomensDay https://t.co/vChhn6RSPy,https://twitter.com/NicoleScherzy/status/1236745694070714368,native
"All the ladies, who truly feel me
Throw your hands up at me!ğŸ¶

Happy #InternationalWomensDay ! https://t.co/pSzYgUEKGK",https://twitter.com/destinyschild/status/1236745313446174720,native
"I was blessed to have a loving mother who supported my baseball dream by buying me a batting cage, &amp; pitching machine, on a teachers salary when I was 9. Hereâ€™s to all the wonderful moms out there who sacrifice for their kids! We â¤ï¸ you. #InternationalWomensDay",https://twitter.com/aubrey_huff/status/1236744414094999552,native
"To all Women, every shade, every color, You are celebrated ğŸ’« #internationalwomensday | ğŸ“¸ Maverick https://t.co/EOri4J4VoE",https://twitter.com/revolttv/status/1236743456665620483,native
"Shoutout to all the women on my team who make this tour possible, the women in the music industry that raise us up, to the women headbangers who show us how itâ€™s done, and to our mothers, sisters, and friends who without you this all means nothing. Happy #InternationalWomensDay",https://twitter.com/Excision/status/1236741786199977984,native
"As a Senator, Joe was told a law protecting women from domestic violence was â€œa private family matter.â€ He defied them. I watched him write #VAWA and spend 4 years passing it. On this #InternationalWomensDay, Iâ€™m proud @JoeBiden has stood up for women his entire career. https://t.co/Squebimc9X",https://twitter.com/DrBiden/status/1236741560546603013,native
Letâ€™s all support and inspire one another. No competition. Just love. â¤ï¸ #InternationalWomensDay https://t.co/HvsMnPGesa,https://twitter.com/jazzy_ayala/status/1236738529058639878,native
"Sky let me fly solo today at Stamford Bridge &amp; I bloody loved it. Didnâ€™t stop smiling &amp; luckily didnâ€™t mess up ğŸ¥´

Coincided with #InternationalWomensDay which is great â˜ºï¸ hope you gals had a blast too â¤ï¸

(This isnâ€™t from today &amp; yes I cut Gary Neville out. Soz Gaza x ) https://t.co/HQl8hQQbNK",https://twitter.com/laura_woodsy/status/1236737872285270018,native
"Happy #InternationalWomensDayÂ to the incredible, brilliant and badass women of One Tree Hill! @HilarieBurton https://t.co/hDrUQEq29h",https://twitter.com/OTHdiary/status/1236737759026577411,native
"Women must have full control over their reproductive health. They must have equal pay for equal work: the whole damn dollar, not 79 cents on the dollar.

We will not go backward. We will go forward. Let us celebrate #InternationalWomensDay with a pledge to defend women's rights. https://t.co/d29T90u0nG",https://twitter.com/SenSanders/status/1236736807124885504,native
Happy #InternationalWomensDay https://t.co/d8YAvN2pRp,https://twitter.com/BonzoixofMN/status/1236730934990442497,native
Hilary Musson at SnugboroughğŸ‡®ğŸ‡²1978 TT #Internationalwomensday https://t.co/GHg7DAQg9A,https://twitter.com/TTBONEGP/status/1236730408684916736,native
"Our planet is missing over 100 million women because they were targeted in the womb for sex-selection abortion and killed before birth.

This is the single greatest threat to girls worldwide.

If we truly care about women, it's time to ban abortion.

#InternationalWomensDay",https://twitter.com/LilaGraceRose/status/1236728267702337537,native
"On this #InternationalWomensDay, itâ€™s a hard truth that, in 2020, we have not yet reached gender equality in our society. I promise that, as president, I will use every tool available to me and take every opportunity to change that. https://t.co/iRRzgi77cg",https://twitter.com/JoeBiden/status/1236727132044304387,native
"My mother, a Bangladeshi immigrant, had a child marriage.

Today on #InternationalWomensDay I launched Noor House, a non-profit scholarship program in Bangladesh committed to ending the cycle of poverty + equipping young girls with free education. 

This is Noor House. ğŸ’« https://t.co/L8clBIn36x",https://twitter.com/Nabela/status/1236726760760279040,indian
Happy #InternationalWomensDay! Itâ€™s such an honor to be the Chair of a female-majority Board! https://t.co/tKM2Mqw2Tp,https://twitter.com/kathrynbarger/status/1236726208076738565,native
Celebrate female leaders! Raise each other upâ¤ï¸ #InternationalWomensDay https://t.co/oAnFDAJAqF,https://twitter.com/maggietrepanier/status/1236724143363678208,native
"Iâ€™m a GROWN WOMAN ! I can do WHATEVER I want ! ğŸ’‹
#InternationalWomensDay https://t.co/QiKk4fCkuC",https://twitter.com/yewande_biala/status/1236723877184712704,native
"Just some of the many women who make our sport great.

#InternationalWomensDay https://t.co/DxDWTcabnT",https://twitter.com/MLB/status/1236724381952466947,native
"Itâ€™s #InternationalWomensDay and Iâ€™m celebrating all of the strong, women of choice all over the world with this playlist full of songs all from female artists ğŸ’–ğŸ’ªğŸ’‹ @applemusic https://t.co/a8bfTXKtax",https://twitter.com/ladygaga/status/1236724261374447616,native
"Women in the America and across the world not only deserve full gender equality, but also racial justice, economic justice, social justice and environmental justice. Today and every day we must carry on that fight. #InternationalWomensDay",https://twitter.com/BernieSanders/status/1236721201189355520,native
